<beans xmlns="http://www.springframework.org/schema/beans"
xmlns:xsi="http://www.w3.org/2001/XMLSchema-instance" xmlns:context="http://www.springframework.org/schema/context"
xsi:schemaLocation="http://www.springframework.org/schema/beans
    http://www.springframework.org/schema/beans/spring-beans-3.0.xsd
    http://www.springframework.org/schema/context
    http://www.springframework.org/schema/context/spring-context-3.0.xsd">
 <bean class="Employee" id="emp" autowire="byName"><!--  Employee emp= new Employee() //autowire="byType" it will search the Class and the ids can be different from the Class reference--> 
 <property name="eid" value="123"></property>
 <property name="ename" value="ahana"></property>
 <property name="esal" value="1"></property>
 <!--  <property name="add" ref="add1"></property>
   <property name="tad" ref="tadd"></property> -->
 
 </bean>  
 
 <bean class="Address" id="add"><!--  Address add= new Address() -->
 <property name="hno" value="1"></property>
 <property name="colony" value="officeblock"></property>
 <property name="city" value="Kolkata"></property>
 
 </bean>  
 
 <bean class="TAddress" id="tad"><!--  Address add= new Address() -->
 <property name="hno" value="1"></property>
 <property name="colony" value="officeblock"></property>
 <property name="city" value="Kolkata"></property>
 </bean>  
</beans>