<beans xmlns="http://www.springframework.org/schema/beans"
xmlns:xsi="http://www.w3.org/2001/XMLSchema-instance" xmlns:context="http://www.springframework.org/schema/context"
xsi:schemaLocation="http://www.springframework.org/schema/beans
    http://www.springframework.org/schema/beans/spring-beans-3.0.xsd
    http://www.springframework.org/schema/context
    http://www.springframework.org/schema/context/spring-context-3.0.xsd">
 <bean class="Person" id="per"><!--  Employee emp= new Employee() //autowire="byType" it will search the Class and the ids can be different from the Class reference--> 
 <constructor-arg name="firstname" value="ahana"></constructor-arg>
 <constructor-arg name="lastname" value="das"></constructor-arg>
 
   <constructor-arg name="address" ref="add"></constructor-arg>
   
 
 </bean>  
 
 <bean class="Address" id="add"><!--  Address add= new Address() -->
 <constructor-arg name="hno" value="1"></constructor-arg>
 <constructor-arg name="colony" value="officeblock"></constructor-arg>
 <constructor-arg name="city" value="Kolkata"></constructor-arg>
 
 </bean>  
 
 
</beans>