<beans xmlns="http://www.springframework.org/schema/beans"
xmlns:xsi="http://www.w3.org/2001/XMLSchema-instance" xmlns:context="http://www.springframework.org/schema/context"
xsi:schemaLocation="http://www.springframework.org/schema/beans
    http://www.springframework.org/schema/beans/spring-beans-3.0.xsd
    http://www.springframework.org/schema/context
    http://www.springframework.org/schema/context/spring-context-3.0.xsd">
    <context:annotation-config></context:annotation-config>
 <bean class="Person" id="per" ><!--  Employee emp= new Employee() //autowire="byType" it will search the Class and the ids can be different from the Class reference--> 
 <property name="firstname" value="ahana"></property>
 <property name="lastname" value="das"></property>

   
 
 </bean>  
 
 <bean class="Address" id="address"><!--  Address add= new Address() -->
 <property name="hno" value="1"></property>
 <property name="colony" value="officeblock"></property>
 <property name="city" value="Kolkata"></property>
 
 </bean>  
 
 
</beans>